price,address,beds,baths,parking,type,sold_date
"$770,000","134 Tullong Road, 
SCONE NSW 2337",NA,NA,NA,Rural,21-Dec-24
"$762,000","8/2-8 Kiora Road, 
MIRANDA NSW 2228",2,1,1,Apartment / Unit / Flat,19-Dec-24
"$825,000","66/118-128 Karimbla Road, 
MIRANDA NSW 2228",2,1,1,Apartment / Unit / Flat,17-Dec-24
"$656,000","BA305/18 University Road, 
MIRANDA NSW 2228",1,1,1,Apartment / Unit / Flat,16-Dec-24
"$930,000","28 Oxford Rd, 
SCONE NSW 2337",4,2,2,House,16-Dec-24
"$740,000","20 Gray St, 
SCONE NSW 2337",4,2,2,House,16-Dec-24
"$790,000","2A Somerset Place, 
SCONE NSW 2337",4,2,2,House,16-Dec-24
"$2,255,000","104 Miranda Road, 
MIRANDA NSW 2228",4,2,2,House,14-Dec-24
"$550,000","8 Bottlebrush Place, 
SCONE NSW 2337",3,1,1,House,13-Dec-24
"$670,000","12 Gould Street, 
SCONE NSW 2337",4,3,1,House,11-Dec-24
"$1,190,000","G01/61 Miranda Road, 
MIRANDA NSW 2228",3,2,2,Apartment / Unit / Flat,10-Dec-24
"$351,000","6/82 Park Street, 
SCONE NSW 2337",3,1,1,Apartment / Unit / Flat,10-Dec-24
"$830,000","102/1 Pinnacle Street, 
MIRANDA NSW 2228",2,2,1,Apartment / Unit / Flat,9-Dec-24
"$915,000","19 Waverley Street, 
SCONE NSW 2337",12,5,NA,Block of units,9-Dec-24
"$2,210,000","11 Blackwood Street, 
MIRANDA NSW 2228",3,2,2,House,7-Dec-24
"$730,000","6/19-21 Miranda Road, 
MIRANDA NSW 2228",2,1,1,Apartment / Unit / Flat,6-Dec-24
"$1,750,000","207 The Boulevarde, 
MIRANDA NSW 2228",5,2,2,House,6-Dec-24
"$205,000","196 Susan Street, 
SCONE NSW 2337",NA,NA,NA,Vacant land,6-Dec-24
"$205,000","198 Susan Street, 
SCONE NSW 2337",NA,NA,NA,Vacant land,6-Dec-24
"$1,415,000","132 Bellingara Road, 
MIRANDA NSW 2228",3,1,1,House,5-Dec-24
"$395,000","109 Kelly St, 
SCONE NSW 2337",1,1,13,House,5-Dec-24
"$1,070,000","29 Morley Avenue, 
HAMMONDVILLE NSW 2170",3,1,2,House,4-Dec-24
"$740,000","53/109 Stewart Avenue, 
HAMMONDVILLE NSW 2170",2,1,1,Townhouse,3-Dec-24
"$1,725,000","5 Bakewell Circuit, 
SCONE NSW 2337",NA,NA,NA,Rural,3-Dec-24
"$665,000","31/109 Stewart Avenue, 
HAMMONDVILLE NSW 2170",2,1,1,Villa,29-Nov-24
"$580,000","504/16 Pinnacle Street, 
MIRANDA NSW 2228",1,1,1,Apartment / Unit / Flat,29-Nov-24
"$705,000","11 Towarri Street, 
SCONE NSW 2337",3,1,2,House,29-Nov-24
"$1,490,000","2 Morley Avenue, 
HAMMONDVILLE NSW 2170",5,3,2,House,28-Nov-24
"$940,000","3/204 The Boulevarde, 
MIRANDA NSW 2228",2,1,1,Townhouse,28-Nov-24
"$1,595,000","114 Sylvania Road, 
MIRANDA NSW 2228",4,1,2,House,28-Nov-24
"$830,000","14 Redbank Drive, 
SCONE NSW 2337",4,2,2,House,28-Nov-24
"$1,800,000","2799 New England Highway Highway, 
SCONE NSW 2337",NA,NA,NA,Rural,26-Nov-24
"$720,000","21/51-55 Miranda Road, 
MIRANDA NSW 2228",2,1,1,Apartment / Unit / Flat,22-Nov-24
"$590,000","54 Hill Street, 
SCONE NSW 2337",3,2,NA,House,22-Nov-24
"$1,560,000","97 Sylvania Road, 
MIRANDA NSW 2228",5,3,2,House,21-Nov-24
"$1,228,000","402/61 Miranda Road, 
MIRANDA NSW 2228",3,2,2,Apartment / Unit / Flat,21-Nov-24
"$872,000","13/23-29 Willock Avenue, 
MIRANDA NSW 2228",2,1,2,Apartment / Unit / Flat,20-Nov-24
"$803,000","7/28-32 Kiora Road, 
MIRANDA NSW 2228",2,1,1,Apartment / Unit / Flat,19-Nov-24
"$885,000","9/16-22 Willock Ave, 
MIRANDA NSW 2228",3,2,1,Apartment / Unit / Flat,15-Nov-24
"$280,000","16 Parker Street, 
SCONE NSW 2337",3,1,2,House,15-Nov-24
"$1,150,000","24 Oxford Road, 
SCONE NSW 2337",4,2,4,House,14-Nov-24
"$1,880,000","7 Meldrum Avenue, 
MIRANDA NSW 2228",3,3,7,House,13-Nov-24
"$825,000","13/29H Wandella Road, 
MIRANDA NSW 2228",1,1,NA,Retirement Living,13-Nov-24
"$650,000","72 Satur Rd, 
SCONE NSW 2337",3,1,4,House,13-Nov-24
"$2,600,000","43a Clifford Road, 
MIRANDA NSW 2228",5,3,2,House,9-Nov-24
"$825,000","22 Parker Street, 
SCONE NSW 2337",3,1,1,House,9-Nov-24
"$1,350,000","255 The Boulevarde, 
MIRANDA NSW 2228",3,1,2,House,7-Nov-24
"$525,000","49F/5-29 Wandella Road, 
MIRANDA NSW 2228",1,1,1,Apartment / Unit / Flat,7-Nov-24
"$1,805,000","7 Windermere Avenue, 
MIRANDA NSW 2228",3,1,1,House,6-Nov-24
"$935,000","3/77-79 Stewart Avenue, 
HAMMONDVILLE NSW 2170",3,2,2,Townhouse,5-Nov-24
"$980,000","45D/5-29 Wandella Road, 
MIRANDA NSW 2228",3,2,2,Apartment / Unit / Flat,4-Nov-24
"$510,000","16 Koala Street, 
SCONE NSW 2337",4,1,1,House,4-Nov-24
"$1,575,000","4/15 Taylor Close, 
MIRANDA NSW 2228",6,4,4,Townhouse,2-Nov-24
"$1,499,000","96 Forest Road, 
MIRANDA NSW 2228",4,2,1,House,2-Nov-24
"$2,000,500","96 Wyralla Road, 
MIRANDA NSW 2228",3,2,2,House,2-Nov-24
"$850,000","402/21-25 Urunga Parade, 
MIRANDA NSW 2228",2,2,2,Apartment / Unit / Flat,1-Nov-24
"$600,000","1&2/55 Gundy Road, 
SCONE NSW 2337",4,2,2,Block of units,1-Nov-24
"$290,000","3/50 Hill Street, 
SCONE NSW 2337",2,1,1,Apartment / Unit / Flat,30-Oct-24
"$1,075,000","3/49 Karimbla Road, 
MIRANDA NSW 2228",2,1,1,Townhouse,29-Oct-24
"$560,000","10 Doyle Street, 
SCONE NSW 2337",3,1,1,House,28-Oct-24
"$1,100,000","67 Meehan Avenue, 
HAMMONDVILLE NSW 2170",3,1,1,House,26-Oct-24
"$2,115,000","74b Raglan Road, 
MIRANDA NSW 2228",4,3,1,Semi-detached,26-Oct-24
"$455,000","91 Liverpool Street, 
SCONE NSW 2337",4,2,3,House,26-Oct-24
"$740,000","55/99-111 Karimbla Road, 
MIRANDA NSW 2228",3,1,1,Apartment / Unit / Flat,25-Oct-24
"$1,185,000","72 Meehan Avenue, 
HAMMONDVILLE NSW 2170",3,2,6,House,24-Oct-24
"$1,600,000","401/40 Kiora Road, 
MIRANDA NSW 2228",3,2,2,Apartment / Unit / Flat,24-Oct-24
"$820,000","502/21-25 Urunga Parade, 
MIRANDA NSW 2228",2,2,2,Apartment / Unit / Flat,24-Oct-24
"$1,550,000","264 The Boulevarde, 
MIRANDA NSW 2228",3,1,3,House,23-Oct-24
"$1,400,000","84/8-12 Wandella Road, 
MIRANDA NSW 2228",2,2,2,Apartment / Unit / Flat,22-Oct-24
"$1,125,000","18/7-13 Taylor Close, 
MIRANDA NSW 2228",3,1,2,Townhouse,22-Oct-24
"$915,000","403/510 Kingsway, 
MIRANDA NSW 2228",2,2,2,Apartment / Unit / Flat,22-Oct-24
"$355,000","8/65 Satur Road, 
SCONE NSW 2337",2,1,1,Apartment / Unit / Flat,22-Oct-24
"$740,000","3/109 Stewart Avenue, 
HAMMONDVILLE NSW 2170",2,1,1,Townhouse,21-Oct-24
"$1,850,000","38A Huntingdale Avenue, 
MIRANDA NSW 2228",4,2,1,Duplex,21-Oct-24
"$1,230,000","1/170 The Boulevarde, 
MIRANDA NSW 2228",3,2,2,Townhouse,21-Oct-24
"$1,810,000","8 Greenwood Close, 
HAMMONDVILLE NSW 2170",5,2,3,House,19-Oct-24
"$2,158,000","8A Clifford Road, 
MIRANDA NSW 2228",4,3,2,Semi-detached,19-Oct-24
"$1,400,000","223 President Avenue, 
MIRANDA NSW 2228",3,1,1,House,18-Oct-24
"$836,000","10/22-26 Urunga Parade, 
MIRANDA NSW 2228",2,2,1,Apartment / Unit / Flat,18-Oct-24
"$1,830,000","7 Jean Avenue, 
MIRANDA NSW 2228",3,1,2,House,18-Oct-24
"$935,000","38 Hill Street, 
SCONE NSW 2337",4,3,2,House,18-Oct-24
"$670,000","30 Short Street, 
SCONE NSW 2337",4,2,2,House,18-Oct-24
"$730,000","21 Waverley Street, 
SCONE NSW 2337",4,2,2,House,17-Oct-24
"$2,040,000","2 Raglan Road, 
MIRANDA NSW 2228",3,2,1,House,15-Oct-24
"$2,092,000","266a Sylvania Road, 
MIRANDA NSW 2228",4,3,2,Semi-detached,15-Oct-24
"$2,056,000","6 Vista Heights Road, 
MIRANDA NSW 2228",3,2,3,House,12-Oct-24
"$1,550,000","11 Junction Street, 
MIRANDA NSW 2228",3,1,2,House,12-Oct-24
"$580,000","15 Alabama Street, 
SCONE NSW 2337",4,2,2,House,11-Oct-24
"$576,000","15 Philip Street, 
SCONE NSW 2337",3,1,2,House,11-Oct-24
"$1,055,000","4/49 Karimbla Road, 
MIRANDA NSW 2228",2,1,1,Townhouse,10-Oct-24
"$1,500,000","7A Macartney Street, 
MIRANDA NSW 2228",3,2,1,Duplex,9-Oct-24
"$1,000,000","506/5 Gurrier Avenue, 
MIRANDA NSW 2228",2,2,1,Apartment / Unit / Flat,9-Oct-24
"$700,000","208 Bakewell Circuit, 
SCONE NSW 2337",NA,NA,NA,Vacant land,9-Oct-24
"$1,750,000","2/144 Karimbla Road, 
MIRANDA NSW 2228",4,3,2,Townhouse,4-Oct-24
"$890,000","G02/61 Miranda Road, 
MIRANDA NSW 2228",2,2,2,Apartment / Unit / Flat,4-Oct-24
"$845,000","AA201/6 University Road, 
MIRANDA NSW 2228",2,2,1,Apartment / Unit / Flat,4-Oct-24
"$997,500","133 Allan Cunningham Road, 
SCONE NSW 2337",4,2,5,House,4-Oct-24
"$690,000","7 Alabama Street, 
SCONE NSW 2337",4,2,2,House,3-Oct-24
"$1,400,000","3/216 President Avenue, 
MIRANDA NSW 2228",3,2,2,Townhouse,2-Oct-24
"$2,065,000","9A Frederick Street, 
MIRANDA NSW 2228",4,3,2,House,1-Oct-24
"$1,300,000","1/20-24 Kumbardang Avenue, 
MIRANDA NSW 2228",3,2,2,Townhouse,1-Oct-24
"$1,575,000","15 Nyngan Place, 
MIRANDA NSW 2228",3,1,1,House,28-Sep-24
"$720,000","22/86-88 Karimbla Road, 
MIRANDA NSW 2228",2,1,1,Apartment / Unit / Flat,27-Sep-24
"$865,000","1/12-14 Kiora Road, 
MIRANDA NSW 2228",3,2,1,Apartment / Unit / Flat,27-Sep-24
"$640,000","1 Cook Street, 
SCONE NSW 2337",4,1,2,House,27-Sep-24
"$240,000","507 Cockatoo Close, 
SCONE NSW 2337",NA,NA,NA,Vacant land,26-Sep-24
"$1,500,000",MIRANDA NSW 2228,4,3,2,House,25-Sep-24
"$760,000","16/2-6 Gurrier Avenue, 
MIRANDA NSW 2228",2,1,1,Apartment / Unit / Flat,24-Sep-24
"$2,125,000","20 Violet Street, 
MIRANDA NSW 2228",4,2,2,House,23-Sep-24
"$1,855,000","22 Ventura Avenue, 
MIRANDA NSW 2228",4,2,1,House,21-Sep-24
"$1,822,500","8A Renown Avenue, 
MIRANDA NSW 2228",4,2,1,Semi-detached,20-Sep-24
"$2,155,000","52 Carramar Crescent, 
MIRANDA NSW 2228",4,2,2,House,20-Sep-24
"$2,100,000","""Trelawney"" Hunter Road Moonan Flat (Via), 
SCONE NSW 2337",NA,NA,NA,Specialist farm,20-Sep-24
"$1,130,000","2/57 Karimbla Road, 
MIRANDA NSW 2228",2,2,1,Villa,19-Sep-24
"$825,000","309/6 Urunga Parade, 
MIRANDA NSW 2228",2,2,1,Apartment / Unit / Flat,19-Sep-24
"$510,000","151 Susan Street, 
SCONE NSW 2337",3,1,2,House,19-Sep-24
"$1,220,000","51 Pritchard Avenue, 
HAMMONDVILLE NSW 2170",4,2,4,House,18-Sep-24
"$1,760,000","20 Huntingdale Avenue, 
MIRANDA NSW 2228",4,1,2,House,18-Sep-24
"$700,000","210 Bakewell Circuit, 
SCONE NSW 2337",NA,NA,NA,Vacant land,17-Sep-24
"$780,000","48/8-14 Willock Avenue, 
MIRANDA NSW 2228",2,2,1,Apartment / Unit / Flat,16-Sep-24
"$785,000","30/118-128 Karimbla Road, 
MIRANDA NSW 2228",2,1,1,Apartment / Unit / Flat,13-Sep-24
"$1,675,000","7a Manor Hill Road, 
MIRANDA NSW 2228",3,3,1,Semi-detached,13-Sep-24
"$1,625,000","15A Kareena Road, 
MIRANDA NSW 2228",4,2,2,Semi-detached,12-Sep-24
"$470,000","20 Scott Street, 
SCONE NSW 2337",4,1,1,House,12-Sep-24
"$850,000","55/2-4 Central Road, 
MIRANDA NSW 2228",2,2,2,Apartment / Unit / Flat,10-Sep-24
"$1,710,000","2/68 Kareena Road, 
MIRANDA NSW 2228",4,3,2,Townhouse,10-Sep-24
"$895,000","5 Oxford Road, 
SCONE NSW 2337",4,2,1,House,10-Sep-24
"$1,670,000","16 Shirley Road, 
MIRANDA NSW 2228",3,1,1,House,6-Sep-24
"$840,000","16 Redbank Drive, 
SCONE NSW 2337",5,2,2,House,6-Sep-24
"$1,758,000","21 Kumbardang Avenue, 
MIRANDA NSW 2228",2,1,3,House,5-Sep-24
"$630,000","211/1 Higherdale Avenue, 
MIRANDA NSW 2228",1,1,1,Apartment / Unit / Flat,5-Sep-24
"$900,000","BBG01/18 University Road, 
MIRANDA NSW 2228",2,2,1,Apartment / Unit / Flat,5-Sep-24
"$719,000","57/109 Stewart Avenue, 
HAMMONDVILLE NSW 2170",2,1,1,Villa,30-Aug-24
"$719,000","57/109 Stewart Avenue, 
HAMMONDVILLE NSW 2170",2,1,1,Villa,30-Aug-24
"$2,050,000","6 View Street, 
MIRANDA NSW 2228",5,3,2,House,30-Aug-24
"$2,050,000","26 Crookwell Avenue, 
MIRANDA NSW 2228",4,3,4,House,30-Aug-24
"$543,000","A202/18 Pinnacle Street, 
MIRANDA NSW 2228",1,1,1,Apartment / Unit / Flat,29-Aug-24
"$680,000","34 Satur Road, 
SCONE NSW 2337",4,2,4,House,29-Aug-24
"$412,500","28 Birrell Street, 
SCONE NSW 2337",3,1,1,House,29-Aug-24
"$468,000","1 Heffron Close, 
SCONE NSW 2337",3,1,1,House,29-Aug-24
"$821,000","11/19-21 Kiora Road, 
MIRANDA NSW 2228",2,1,2,Apartment / Unit / Flat,28-Aug-24
"$695,000","1/24-26 Kiora Road, 
MIRANDA NSW 2228",2,1,1,Apartment / Unit / Flat,28-Aug-24
"$475,000","5 Seaward Avenue, 
SCONE NSW 2337",3,1,2,House,28-Aug-24
"$441,000","21 Kelly Street, 
SCONE NSW 2337",4,2,3,House,28-Aug-24
"$210,000","516 Cockatoo Close, 
SCONE NSW 2337",NA,NA,NA,Vacant land,28-Aug-24
"$725,000","15/86-88 Karimbla Road, 
MIRANDA NSW 2228",2,1,1,Apartment / Unit / Flat,27-Aug-24
"$1,080,000","227 Moobi Road, 
SCONE NSW 2337",NA,NA,NA,Rural,27-Aug-24
"$1,875,000","22 Montgomery Street, 
MIRANDA NSW 2228",2,1,1,House,23-Aug-24
"$1,900,000","56 Gwawley Parade, 
MIRANDA NSW 2228",3,1,2,House,22-Aug-24
"$1,700,000","10b Kotara Place, 
MIRANDA NSW 2228",4,3,1,Semi-detached,21-Aug-24
"$759,950","11/27-31 Miranda Road, 
MIRANDA NSW 2228",1,1,1,Townhouse,21-Aug-24
"$270,000","2/6 Main Street, 
SCONE NSW 2337",2,1,1,Apartment / Unit / Flat,21-Aug-24
"$1,000,000","106 Moobi Road, 
SCONE NSW 2337",3,1,3,House,21-Aug-24
"$520,000","49 Guernsey Street, 
SCONE NSW 2337",4,2,1,House,21-Aug-24
"$1,083,000","19 Pritchard Avenue, 
HAMMONDVILLE NSW 2170",3,1,2,House,20-Aug-24
"$1,055,000","31 Sligar Avenue, 
HAMMONDVILLE NSW 2170",4,1,2,House,19-Aug-24
"$630,000","12 Towarri Street, 
SCONE NSW 2337",3,1,1,House,19-Aug-24
"$1,725,000","9 Argo Place, 
MIRANDA NSW 2228",4,2,2,House,16-Aug-24
"$1,750,000","252b Sylvania Road, 
MIRANDA NSW 2228",4,2,3,Semi-detached,16-Aug-24
"$920,000","39 Redbank Drive, 
SCONE NSW 2337",5,3,6,House,16-Aug-24
"$665,000","202/59 Miranda Road, 
MIRANDA NSW 2228",1,1,1,Apartment / Unit / Flat,15-Aug-24
"$780,000","27/12-14 Clubb Crescent, 
MIRANDA NSW 2228",2,1,1,Apartment / Unit / Flat,15-Aug-24
"$1,625,000","350 Gundy Road, 
SCONE NSW 2337",NA,NA,NA,Rural,15-Aug-24
"$542,000","33 Oxford Road, 
SCONE NSW 2337",4,3,1,House,15-Aug-24
"$1,499,000","2/8 Macartney Street, 
MIRANDA NSW 2228",3,2,2,Villa,14-Aug-24
"$800,000","2/12-14 Clubb Crescent, 
MIRANDA NSW 2228",2,1,1,Apartment / Unit / Flat,14-Aug-24
"$570,000","5A Nyarra Street, 
SCONE NSW 2337",4,2,3,House,14-Aug-24
"$590,000","67 Satur Road, 
SCONE NSW 2337",3,1,6,House,14-Aug-24
"$481,500","38 Philip Street, 
SCONE NSW 2337",3,1,2,House,14-Aug-24
"$520,000","17 Smith Street, 
SCONE NSW 2337",4,2,1,House,12-Aug-24
"$910,000","95 Hill Street, 
SCONE NSW 2337",4,2,6,House,12-Aug-24
"$915,000","207/6 Urunga Parade, 
MIRANDA NSW 2228",2,2,1,Apartment / Unit / Flat,9-Aug-24
"$990,000","26/36 Wandella Road, 
MIRANDA NSW 2228",3,2,2,Apartment / Unit / Flat,8-Aug-24
"$685,000","402/1 Urunga Parade, 
MIRANDA NSW 2228",1,1,1,Apartment / Unit / Flat,8-Aug-24
"$1,100,000","2091 Bunnan Road., 
SCONE NSW 2337",NA,NA,NA,Acreage / Semi-rural,8-Aug-24
"$1,150,000","13/8-14 Gibbs Street, 
MIRANDA NSW 2228",3,2,2,Apartment / Unit / Flat,7-Aug-24
"$1,520,000","121 Sylvania Road, 
MIRANDA NSW 2228",2,1,2,House,7-Aug-24
"$2,250,000","27 Carramar Crescent, 
MIRANDA NSW 2228",5,2,2,House,7-Aug-24
"$370,000","Lot 92, Allan Cunningham Road, 
SCONE NSW 2337",NA,NA,NA,Vacant land,7-Aug-24
"$1,005,000","403/63 Miranda Road, 
MIRANDA NSW 2228",3,2,2,Apartment / Unit / Flat,6-Aug-24
"$899,000","1 Bhima Drive, 
SCONE NSW 2337",4,2,4,House,5-Aug-24
"$2,080,000","21 Parkview Street, 
MIRANDA NSW 2228",3,2,2,House,2-Aug-24
"$1,390,000","2/201 Parraweena Road, 
MIRANDA NSW 2228",3,1,2,Townhouse,1-Aug-24
"$721,000","24/9-15 Willock Avenue, 
MIRANDA NSW 2228",2,1,1,Apartment / Unit / Flat,1-Aug-24
"$480,000","22 Birrell Street, 
SCONE NSW 2337",3,1,2,House,1-Aug-24
"$545,000","88 Park Street, 
SCONE NSW 2337",4,1,1,House,1-Aug-24
"$590,000","50 Barton Street, 
SCONE NSW 2337",6,2,1,House,31-Jul-24
"$1,531,000","13 Meldrum Avenue, 
MIRANDA NSW 2228",3,1,2,House,30-Jul-24
"$1,980,000","112a Wyralla Road, 
MIRANDA NSW 2228",5,3,2,House,29-Jul-24
"$775,000","16/28-30 Urunga Parade, 
MIRANDA NSW 2228",2,2,1,Apartment / Unit / Flat,26-Jul-24
"$595,000","61F/5-29 Wandella Road, 
MIRANDA NSW 2228",1,1,1,Apartment / Unit / Flat,26-Jul-24
"$460,000","5 Koala Street, 
SCONE NSW 2337",3,1,1,House,26-Jul-24
"$925,000","54/8-14 Willock Avenue, 
MIRANDA NSW 2228",3,2,2,Apartment / Unit / Flat,25-Jul-24
"$1,429,000","2/7 Pinnacle Street, 
MIRANDA NSW 2228",3,2,2,Semi-detached,24-Jul-24
"$750,000","55/474-482 Kingsway, 
MIRANDA NSW 2228",2,1,1,Apartment / Unit / Flat,24-Jul-24
"$1,675,000","15 Queanbeyan Avenue, 
MIRANDA NSW 2228",4,1,1,House,23-Jul-24
"$740,000","C201/40 Pinnacle Street, 
MIRANDA NSW 2228",2,2,1,Apartment / Unit / Flat,23-Jul-24
"$730,000","BB106/18 University Road, 
MIRANDA NSW 2228",2,1,1,Apartment / Unit / Flat,23-Jul-24
"$950,000","3/7-15 Jackson Avenue, 
MIRANDA NSW 2228",3,2,2,Apartment / Unit / Flat,22-Jul-24
"$1,550,000","60 Park Street, 
SCONE NSW 2337",5,3,4,House,22-Jul-24
"$1,850,000","19 Gwawley Parade, 
MIRANDA NSW 2228",4,1,2,House,20-Jul-24
"$685,000","5A Main Street, 
SCONE NSW 2337",3,2,1,Townhouse,20-Jul-24
"$740,000","9A/63 Bellingara Road, 
MIRANDA NSW 2228",1,1,1,Villa,19-Jul-24
"$3,725,000","1511 Gundy Road, 
SCONE NSW 2337",NA,NA,NA,Rural,18-Jul-24
"$510,000","17 Boronia Street, 
SCONE NSW 2337",3,1,4,House,18-Jul-24
"$609,000","16 Coolibah Street, 
SCONE NSW 2337",3,1,2,House,17-Jul-24
"$750,000","102/22 Pinnacle Street, 
MIRANDA NSW 2228",2,2,1,Apartment / Unit / Flat,16-Jul-24
"$750,000","35/113 Karimbla Rd, 
MIRANDA NSW 2228",3,1,2,Apartment / Unit / Flat,15-Jul-24
"$950,000","302/42 Pinnacle Street, 
MIRANDA NSW 2228",3,2,2,Apartment / Unit / Flat,12-Jul-24
"$645,000","402/59 Miranda Road, 
MIRANDA NSW 2228",1,1,1,Apartment / Unit / Flat,11-Jul-24
"$300,000","13 Guernsey Street, 
SCONE NSW 2337",NA,NA,1,Vacant land,11-Jul-24
"$765,000","21/22-26 Urunga Parade, 
MIRANDA NSW 2228",2,2,1,Apartment / Unit / Flat,10-Jul-24
"$810,000","9/12-14 Clubb Crescent, 
MIRANDA NSW 2228",2,1,2,Apartment / Unit / Flat,10-Jul-24
"$980,000","12 Kilgallin Close, 
SCONE NSW 2337",5,3,5,House,10-Jul-24
"$835,000","13D/218 Box Road, 
MIRANDA NSW 2228",2,1,1,Villa,9-Jul-24
"$660,000","13a/5-29 Wandella Road, 
MIRANDA NSW 2228",2,1,1,Apartment / Unit / Flat,8-Jul-24
"$735,000","9/86-88 Karimbla Road, 
MIRANDA NSW 2228",2,1,1,Apartment / Unit / Flat,6-Jul-24
"$2,090,000","24 Meldrum Avenue, 
MIRANDA NSW 2228",5,4,1,House,5-Jul-24
"$465,000","10 Eveleigh Court, 
SCONE NSW 2337",2,1,2,House,5-Jul-24
"$840,000","24 Cavalry Line Road, 
SCONE NSW 2337",NA,NA,NA,Acreage / Semi-rural,4-Jul-24
"$920,000","11 Northcott Boulevard, 
HAMMONDVILLE NSW 2170",3,2,1,Semi-detached,3-Jul-24
"$226,000","505 Cockatoo Close, 
SCONE NSW 2337",NA,NA,NA,Vacant land,3-Jul-24
"$750,000","23/108 Kiora Road, 
MIRANDA NSW 2228",2,1,1,Apartment / Unit / Flat,1-Jul-24
"$705,000","6/23-29 Willock Avenue, 
MIRANDA NSW 2228",1,1,1,Apartment / Unit / Flat,1-Jul-24
"$640,000","107/510 Kingsway, 
MIRANDA NSW 2228",1,1,1,Apartment / Unit / Flat,28-Jun-24
"$1,870,000","28 Goodacre Avenue, 
MIRANDA NSW 2228",3,1,3,House,28-Jun-24
"$1,685,000","100 Sylvania Road, 
MIRANDA NSW 2228",3,2,2,House,27-Jun-24
"$700,000","209 Bakewell Circuit, 
SCONE NSW 2337",NA,NA,NA,Vacant land,27-Jun-24
"$1,975,000","28b Ingara Avenue, 
MIRANDA NSW 2228",4,3,2,Semi-detached,26-Jun-24
"$1,245,000","1/8-12 Taylor Close, 
MIRANDA NSW 2228",3,2,2,Townhouse,26-Jun-24
"$942,000","206/5 Gurrier Avenue, 
MIRANDA NSW 2228",2,2,1,Apartment / Unit / Flat,24-Jun-24
"$1,190,000","13 Stewart Avenue, 
HAMMONDVILLE NSW 2170",2,1,2,House,22-Jun-24
"$965,000","4/15-17 Kumbardang Avenue, 
MIRANDA NSW 2228",2,2,1,Townhouse,22-Jun-24
"$2,620,000","53 Garnet Road, 
MIRANDA NSW 2228",6,4,4,House,21-Jun-24
"$1,000,000","2/37 Karimbla Road, 
MIRANDA NSW 2228",2,1,1,Townhouse,21-Jun-24
"$665,000","602/3 Penprase Lane, 
MIRANDA NSW 2228",1,1,1,Apartment / Unit / Flat,21-Jun-24
"$1,830,000","7 Ventura Avenue, 
MIRANDA NSW 2228",3,1,2,House,21-Jun-24
"$1,550,000","127a President Avenue, 
MIRANDA NSW 2228",4,2,4,Semi-detached,20-Jun-24
"$635,000","411/1 Higherdale Avenue, 
MIRANDA NSW 2228",1,1,1,Apartment / Unit / Flat,18-Jun-24
"$1,000,000","26E/216 Box Road, 
MIRANDA NSW 2228",3,1,2,Villa,17-Jun-24
"$712,000","AA105/6 University Road, 
MIRANDA NSW 2228",1,1,1,Apartment / Unit / Flat,17-Jun-24
"$1,221,500","10/162 Karimbla Road, 
MIRANDA NSW 2228",3,2,2,Townhouse,13-Jun-24
"$1,850,000","7 Bakewell Circuit, 
SCONE NSW 2337",NA,NA,NA,Rural,13-Jun-24
"$595,000","29/513 Kingsway, 
MIRANDA NSW 2228",1,1,1,Apartment / Unit / Flat,12-Jun-24
"$1,850,000","153a Karimbla Road, 
MIRANDA NSW 2228",5,3,2,House,11-Jun-24
"$705,000","1/621-635 Kingsway, 
MIRANDA NSW 2228",2,1,1,Apartment / Unit / Flat,11-Jun-24
"$800,000","205/6AB University Road, 
MIRANDA NSW 2228",2,2,1,Apartment / Unit / Flat,8-Jun-24
"$600,000","412/6 Urunga Parade, 
MIRANDA NSW 2228",1,1,1,Apartment / Unit / Flat,8-Jun-24
"$700,000","1/9-15 Willock Avenue, 
MIRANDA NSW 2228",2,1,1,Apartment / Unit / Flat,7-Jun-24
"$782,000","14/16-20 Urunga Parade, 
MIRANDA NSW 2228",2,1,1,Apartment / Unit / Flat,7-Jun-24
"$2,000,000","4 Parkview Street, 
MIRANDA NSW 2228",4,2,2,House,7-Jun-24
"$865,000","21/28-30 Urunga Parade, 
MIRANDA NSW 2228",2,2,2,Apartment / Unit / Flat,5-Jun-24
"$712,000","G03/6-12 Urunga Parade, 
MIRANDA NSW 2228",1,1,1,Apartment / Unit / Flat,5-Jun-24
"$890,000","14b/73 Bellingara Road, 
MIRANDA NSW 2228",2,1,2,Townhouse,4-Jun-24
"$1,165,000","9/8-12 Taylor Close, 
MIRANDA NSW 2228",3,2,2,Townhouse,4-Jun-24
"$1,710,000","4/14 Mooki Street, 
MIRANDA NSW 2228",4,3,2,Townhouse,4-Jun-24
"$517,000","87 Satur Road, 
SCONE NSW 2337",3,1,2,House,4-Jun-24
"$1,950,000","6 Crookwell Avenue, 
MIRANDA NSW 2228",3,1,1,House,3-Jun-24
"$910,000","708/6 Urunga Parade, 
MIRANDA NSW 2228",2,2,2,Apartment / Unit / Flat,3-Jun-24
"$1,140,000","16 Cavalry Line Road, 
SCONE NSW 2337",4,2,4,House,31-May-24
"$1,800,000","32a Carramar Crescent, 
MIRANDA NSW 2228",5,3,2,Semi-detached,30-May-24
"$790,000","2/34-38 Kiora Road, 
MIRANDA NSW 2228",2,1,1,Apartment / Unit / Flat,29-May-24
"$925,000","148 Tullong Rd, 
SCONE NSW 2337",4,2,1,House,27-May-24
"$952,500","6/258 Port Hacking Road, 
MIRANDA NSW 2228",2,1,1,Villa,23-May-24
"$810,000","211/6 Urunga Parade, 
MIRANDA NSW 2228",2,2,1,Apartment / Unit / Flat,23-May-24
"$690,000","103/680 Kingsway, 
MIRANDA NSW 2228",1,1,1,Apartment / Unit / Flat,23-May-24
"$475,000","32 Short Street, 
SCONE NSW 2337",3,1,1,House,23-May-24
"$2,099,995","7B Cartledge Avenue, 
MIRANDA NSW 2228",4,3,2,Semi-detached,21-May-24
"$1,365,000","167 Karimbla Road, 
MIRANDA NSW 2228",3,1,1,House,21-May-24
"$855,000","6 Kilgallin Close, 
SCONE NSW 2337",4,2,2,House,21-May-24
"$670,000","1 Seaward Ave, 
SCONE NSW 2337",4,1,4,House,21-May-24
"$750,000","10/144 Heathcote Road, 
HAMMONDVILLE NSW 2170",3,1,1,Townhouse,20-May-24
"$530,000","G05/18 Pinnacle Street, 
MIRANDA NSW 2228",1,1,NA,Apartment / Unit / Flat,20-May-24
"$1,461,000","60 Garnet Road, 
MIRANDA NSW 2228",4,2,1,House,20-May-24
"$395,000","1/77 Scott Street, 
SCONE NSW 2337",2,1,1,Apartment / Unit / Flat,20-May-24
"$860,000","94 Susan Street, 
SCONE NSW 2337",5,2,2,House,20-May-24
"$1,600,000","3 Manor Hill Road, 
MIRANDA NSW 2228",3,2,1,House,18-May-24
"$1,780,000","24 Wingello Road, 
MIRANDA NSW 2228",5,2,2,House,17-May-24
"$420,000","44 Eveleigh Ct, 
SCONE NSW 2337",3,1,2,House,16-May-24
"$630,000","34 Seaward Avenue, 
SCONE NSW 2337",3,2,2,House,15-May-24
"$790,000","38/113-125 Karimbla Road, 
MIRANDA NSW 2228",3,1,2,Apartment / Unit / Flat,14-May-24
"$555,000","22 Towarri Street, 
SCONE NSW 2337",3,2,1,House,13-May-24
"$1,380,000","7/1 Kareena Road, 
MIRANDA NSW 2228",3,2,2,Townhouse,11-May-24
"$720,000","27/16-20 Urunga Parade, 
MIRANDA NSW 2228",2,1,1,Apartment / Unit / Flat,10-May-24
"$1,905,000","151 Corea Street, 
MIRANDA NSW 2228",4,3,2,House,10-May-24
"$870,000","12 Widden Close, 
SCONE NSW 2337",4,2,2,House,10-May-24
"$613,000","91A Susan Street, 
SCONE NSW 2337",3,2,2,House,9-May-24
"$490,000","35 Oxford Road, 
SCONE NSW 2337",3,1,2,House,9-May-24
"$1,190,000","33 Morley Avenue, 
HAMMONDVILLE NSW 2170",4,2,2,House,8-May-24
"$1,261,000","99 Stewart Avenue, 
HAMMONDVILLE NSW 2170",5,2,2,House,8-May-24
"$1,850,000","21 Ingara Avenue, 
MIRANDA NSW 2228",4,1,1,House,8-May-24
"$1,985,000","5 Matson Crescent, 
MIRANDA NSW 2228",4,3,2,House,8-May-24
"$722,338","54/99-111 Karimbla Road, 
MIRANDA NSW 2228",3,1,1,Apartment / Unit / Flat,8-May-24
"$1,880,000","13 Nyngan Place, 
MIRANDA NSW 2228",4,2,2,House,7-May-24
"$360,000","4/50 Hill Street, 
SCONE NSW 2337",3,1,2,Apartment / Unit / Flat,6-May-24
"$412,500","55A Satur Road, 
SCONE NSW 2337",2,1,2,House,6-May-24
"$1,850,000","1 Queanbeyan Avenue, 
MIRANDA NSW 2228",4,2,3,House,4-May-24
"$1,836,000","31 Goodacre Avenue, 
MIRANDA NSW 2228",4,1,3,House,4-May-24
"$1,100,000","1 Sligar Avenue, 
HAMMONDVILLE NSW 2170",3,1,2,House,3-May-24
"$780,000","16/51-55 Miranda Road, 
MIRANDA NSW 2228",2,1,2,Apartment / Unit / Flat,3-May-24
"$720,000","10 Redbank Drive, 
SCONE NSW 2337",4,2,2,House,3-May-24
"$510,000","32 Hill Street, 
SCONE NSW 2337",2,2,1,Duplex,2-May-24
"$657,000","4/104 Kiora Road, 
MIRANDA NSW 2228",2,1,1,Apartment / Unit / Flat,1-May-24
"$905,000","BA201/18 University Road, 
MIRANDA NSW 2228",2,2,2,Apartment / Unit / Flat,1-May-24
"$2,200,000","110 Sophia Creek Road, 
SCONE NSW 2337",NA,NA,NA,Rural,1-May-24
"$640,000","9 Doyle Street, 
SCONE NSW 2337",3,1,3,House,1-May-24
"$760,000","2 Kareen Place, 
SCONE NSW 2337",5,2,2,House,29-Apr-24
"$835,000","105/6 Urunga Parade, 
MIRANDA NSW 2228",2,2,1,Apartment / Unit / Flat,26-Apr-24
"$730,000","20/28-30 Urunga Parade, 
MIRANDA NSW 2228",2,2,1,Apartment / Unit / Flat,26-Apr-24
"$510,000","61B Waverley Street, 
SCONE NSW 2337",3,2,1,Semi-detached,26-Apr-24
"$570,000","132 Susan Street, 
SCONE NSW 2337",3,1,2,House,26-Apr-24
"$720,000","42/19-21 Central Road, 
MIRANDA NSW 2228",2,1,1,Apartment / Unit / Flat,24-Apr-24
"$1,985,000","14 Argo Place, 
MIRANDA NSW 2228",3,2,1,House,24-Apr-24
"$850,000","7 Halstead Close, 
SCONE NSW 2337",5,2,4,House,24-Apr-24
"$465,000","15 Stafford Street, 
SCONE NSW 2337",3,1,1,House,24-Apr-24
"$2,020,000","50 Carramar Crescent, 
MIRANDA NSW 2228",4,4,1,Semi-detached,23-Apr-24
"$680,000","BA503/6-18 University Road, 
MIRANDA NSW 2228",1,1,1,Apartment / Unit / Flat,20-Apr-24
"$1,310,000","81/8-12 Wandella Road, 
MIRANDA NSW 2228",2,2,2,Apartment / Unit / Flat,20-Apr-24
"$655,000","58/109 Stewart Avenue, 
HAMMONDVILLE NSW 2170",2,1,1,Villa,18-Apr-24
"$1,780,000","190 President Avenue, 
MIRANDA NSW 2228",5,2,5,House,18-Apr-24
"$838,000","30/2-4 Central Road, 
MIRANDA NSW 2228",2,2,1,Apartment / Unit / Flat,18-Apr-24
"$1,330,000","6A Dyinda Place, 
MIRANDA NSW 2228",3,2,2,Semi-detached,18-Apr-24
"$1,450,000","12 Jean Avenue, 
MIRANDA NSW 2228",3,1,1,House,17-Apr-24
"$670,000","32D/5-29 Wandella Road, 
MIRANDA NSW 2228",2,1,1,Apartment / Unit / Flat,17-Apr-24
"$720,000","7/20-22 Kiora Road, 
MIRANDA NSW 2228",2,1,1,Apartment / Unit / Flat,16-Apr-24
"$1,500,000","79A Forest Road, 
MIRANDA NSW 2228",3,3,3,House,15-Apr-24
"$1,940,000","11b Frederick Street, 
MIRANDA NSW 2228",5,3,2,Semi-detached,14-Apr-24
"$1,915,000","3 Kiah Place, 
MIRANDA NSW 2228",4,3,4,House,13-Apr-24
"$427,500","Unit 1/7A Nyarra St, 
SCONE NSW 2337",2,1,1,Apartment / Unit / Flat,12-Apr-24
"$850,000","106/510 Kingsway, 
MIRANDA NSW 2228",2,2,1,Apartment / Unit / Flat,11-Apr-24
"$890,000","207/3 Pinnacle Street, 
MIRANDA NSW 2228",2,2,2,Apartment / Unit / Flat,10-Apr-24
"$960,000",MIRANDA NSW 2228,2,1,2,Townhouse,10-Apr-24
"$1,400,000","BA601/18 University Road, 
MIRANDA NSW 2228",3,2,2,Apartment / Unit / Flat,10-Apr-24
"$430,000","26 Barton Street, 
SCONE NSW 2337",3,1,2,House,10-Apr-24
"$435,000","67 Oxford Road, 
SCONE NSW 2337",3,2,2,House,9-Apr-24
"$1,100,000","198 Heathcote Road, 
HAMMONDVILLE NSW 2170",3,1,6,House,8-Apr-24
"$705,000","16/7-15 Jackson Avenue, 
MIRANDA NSW 2228",2,2,1,Apartment / Unit / Flat,5-Apr-24
"$615,000","12 Davies Street, 
SCONE NSW 2337",3,1,4,House,3-Apr-24
"$655,000","10/2-8 Kiora Road Road, 
MIRANDA NSW 2228",2,1,1,Apartment / Unit / Flat,2-Apr-24
"$1,130,000","1/6 Animbo Street, 
MIRANDA NSW 2228",2,1,1,Villa,29-Mar-24
"$720,000","2 Carlyle St, 
SCONE NSW 2337",4,2,2,House,29-Mar-24
"$1,600,000","6 Biargar Avenue, 
MIRANDA NSW 2228",4,2,2,House,27-Mar-24
"$742,500","A705/1 Urunga Parade, 
MIRANDA NSW 2228",1,1,1,Apartment / Unit / Flat,27-Mar-24
"$1,060,000","5/315 Port Hacking Road, 
MIRANDA NSW 2228",2,1,1,Villa,27-Mar-24
"$1,065,000","24 Pritchard Avenue, 
HAMMONDVILLE NSW 2170",3,1,1,House,26-Mar-24
"$1,800,000","18A Ingara Avenue, 
MIRANDA NSW 2228",4,3,2,Semi-detached,25-Mar-24
"$670,000","2/507-511 Kingsway, 
MIRANDA NSW 2228",2,1,1,Apartment / Unit / Flat,25-Mar-24
"$1,914,000","50A Carramar Crescent, 
MIRANDA NSW 2228",4,3,1,Semi-detached,23-Mar-24
"$480,000","50 Gundy Rd, 
SCONE NSW 2337",3,2,3,House,21-Mar-24
"$400,000","18 Coolibah Street, 
SCONE NSW 2337",3,1,2,House,21-Mar-24
"$326,000","6/34 Eveleigh Court, 
SCONE NSW 2337",3,1,1,Apartment / Unit / Flat,20-Mar-24
"$1,020,000","48/7-15 Jackson Avenue, 
MIRANDA NSW 2228",3,2,2,Apartment / Unit / Flat,19-Mar-24
"$475,000","23 Coolibah Street, 
SCONE NSW 2337",3,2,2,House,19-Mar-24
"$1,675,000","4 Culburra Road, 
MIRANDA NSW 2228",4,2,4,House,15-Mar-24
"$1,525,000","2/4-6 Ventura Avenue, 
MIRANDA NSW 2228",4,3,2,Townhouse,15-Mar-24
"$650,000","111 Waverley Street, 
SCONE NSW 2337",4,2,1,House,15-Mar-24
"$718,000","2/204 Heathcote Road, 
HAMMONDVILLE NSW 2170",3,1,2,Townhouse,13-Mar-24
"$2,050,000","26A Carramar Crescent, 
MIRANDA NSW 2228",5,3,2,House,12-Mar-24
"$950,000","114 Noblet Road, 
SCONE NSW 2337",NA,NA,NA,Rural,12-Mar-24
"$1,750,000","1061 Bunnan Road, 
SCONE NSW 2337",NA,NA,NA,Rural,12-Mar-24
"$675,000","74 Scott Street, 
SCONE NSW 2337",4,2,4,House,11-Mar-24
"$832,000","19/513-517 Kingsway, 
MIRANDA NSW 2228",2,2,2,Apartment / Unit / Flat,8-Mar-24
"$560,000","19 Towarri Street, 
SCONE NSW 2337",3,1,1,House,8-Mar-24
"$2,000,000","19 Macartney Street, 
MIRANDA NSW 2228",3,1,1,House,7-Mar-24
"$850,000","13 Somerset Place, 
SCONE NSW 2337",4,2,4,House,7-Mar-24
"$460,000","9 Park Street, 
SCONE NSW 2337",4,1,3,House,6-Mar-24
"$310,000","60 Tullong Road, 
SCONE NSW 2337",NA,NA,NA,Acreage / Semi-rural,6-Mar-24
"$960,000","52 Tullong Road, 
SCONE NSW 2337",NA,NA,NA,Acreage / Semi-rural,6-Mar-24
"$1,010,000","5/227 President Avenue, 
MIRANDA NSW 2228",2,2,1,Villa,4-Mar-24
"$765,000","6/10 Mooki Street, 
MIRANDA NSW 2228",2,1,1,Townhouse,4-Mar-24
"$555,000","6/104 Kiora Road, 
MIRANDA NSW 2228",1,1,1,Apartment / Unit / Flat,2-Mar-24
"$800,000","B202/1 Pinnacle Street, 
MIRANDA NSW 2228",2,2,1,Apartment / Unit / Flat,1-Mar-24
"$690,000","8/11 Kiora Road, 
MIRANDA NSW 2228",2,1,1,Apartment / Unit / Flat,29-Feb-24
"$770,000","3C/5-29 Wandella Road, 
MIRANDA NSW 2228",3,2,1,Apartment / Unit / Flat,28-Feb-24
"$660,000","307/5 Gurrier Avenue, 
MIRANDA NSW 2228",1,1,1,Apartment / Unit / Flat,27-Feb-24
"$1,350,000","9/4-10 Kumbardang Avenue, 
MIRANDA NSW 2228",3,2,1,Townhouse,27-Feb-24
"$720,000","21/86-88 Karimbla Road, 
MIRANDA NSW 2228",2,1,1,Apartment / Unit / Flat,26-Feb-24
"$1,130,000","5/324-326 Port Hacking Road, 
MIRANDA NSW 2228",3,2,2,Villa,24-Feb-24
"$720,000","2 Carlyle Street, 
SCONE NSW 2337",4,2,2,House,24-Feb-24
"$666,000","5/513 Kingsway, 
MIRANDA NSW 2228",2,1,1,Apartment / Unit / Flat,23-Feb-24
"$750,000","18/34-38 Kiora Road, 
MIRANDA NSW 2228",2,1,2,Apartment / Unit / Flat,23-Feb-24
"$725,000","4/4-10 Miranda Road, 
MIRANDA NSW 2228",2,1,1,Apartment / Unit / Flat,22-Feb-24
"$800,000","16/36 Wandella Road, 
MIRANDA NSW 2228",2,1,1,Apartment / Unit / Flat,22-Feb-24
"$640,000","56F/5-29 Wandella Road, 
MIRANDA NSW 2228",2,1,1,Apartment / Unit / Flat,21-Feb-24
"$800,000","32 Kookaburra Avenue, 
SCONE NSW 2337",4,2,4,House,20-Feb-24
"$475,000","19 Parker Street, 
SCONE NSW 2337",3,1,2,House,20-Feb-24
"$390,100","17 Koala Street, 
SCONE NSW 2337",3,1,2,House,20-Feb-24
"$850,000","12 Halstead Close, 
SCONE NSW 2337",4,2,6,House,19-Feb-24
"$355,000","4/92 Park Street, 
SCONE NSW 2337",3,2,1,Apartment / Unit / Flat,19-Feb-24
"$1,550,000","4 Cartledge Avenue, 
MIRANDA NSW 2228",3,1,2,House,17-Feb-24
"$470,000","44 Hill Street, 
SCONE NSW 2337",2,1,1,House,17-Feb-24
"$290,000","1/16 Mount Street, 
SCONE NSW 2337",2,1,1,Apartment / Unit / Flat,16-Feb-24
"$275,000","14/6 Main Street, 
SCONE NSW 2337",3,2,1,Apartment / Unit / Flat,14-Feb-24
"$2,810,000","76 Matson Crescent, 
MIRANDA NSW 2228",4,3,2,House,12-Feb-24
"$650,000","375 Middlebrook Road, 
SCONE NSW 2337",NA,NA,NA,Vacant land,12-Feb-24
"$550,000","111 Barton Street, 
SCONE NSW 2337",3,2,2,House,9-Feb-24
"$580,000","25/7-15 Jackson Avenue, 
MIRANDA NSW 2228",1,1,1,Apartment / Unit / Flat,8-Feb-24
"$1,970,000","23 Frederick Street, 
MIRANDA NSW 2228",3,2,2,House,8-Feb-24
"$1,300,000","23A Tolol Avenue, 
MIRANDA NSW 2228",3,1,1,Semi-detached,8-Feb-24
"$3,500,000","48 Matson Crescent, 
MIRANDA NSW 2228",6,4,2,House,7-Feb-24
"$660,000","18/24-26 Kiora Road, 
MIRANDA NSW 2228",2,1,1,Apartment / Unit / Flat,7-Feb-24
"$1,100,000","248 Nuwarra Road, 
HAMMONDVILLE NSW 2170",4,2,2,House,6-Feb-24
"$1,255,000","6 Sledmere Close, 
SCONE NSW 2337",5,2,6,House,6-Feb-24
"$807,000","74/8-12 Wandella Road, 
MIRANDA NSW 2228",2,2,1,Apartment / Unit / Flat,3-Feb-24
"$965,000","10/204 The Boulevarde, 
MIRANDA NSW 2228",2,1,1,Townhouse,2-Feb-24
"$2,145,000","26B Carramar Crescent, 
MIRANDA NSW 2228",5,3,2,House,1-Feb-24
"$1,100,000","608/3 Penprase Lane, 
MIRANDA NSW 2228",2,2,1,Apartment / Unit / Flat,1-Feb-24
"$1,310,000","501/510 Kingsway, 
MIRANDA NSW 2228",3,2,2,Apartment / Unit / Flat,29-Jan-24
"$1,520,000","33 Meldrum Avenue, 
MIRANDA NSW 2228",3,1,2,House,25-Jan-24
"$435,000","5 Boronia Street, 
SCONE NSW 2337",3,1,2,House,25-Jan-24
"$1,855,000","6 Meadow Place, 
MIRANDA NSW 2228",4,2,3,House,24-Jan-24
"$698,000","20/108-110 Kiora Road, 
MIRANDA NSW 2228",2,1,1,Apartment / Unit / Flat,22-Jan-24
"$385,000","85 Liverpool Street, 
SCONE NSW 2337",3,1,NA,House,22-Jan-24
"$1,025,000","3/321 Port Hacking Road, 
MIRANDA NSW 2228",3,2,2,Townhouse,19-Jan-24
"$290,000","4/16 Mount Street, 
SCONE NSW 2337",2,1,1,Apartment / Unit / Flat,19-Jan-24
"$230,000","10 Alabama Street, 
SCONE NSW 2337",NA,NA,NA,Vacant land,17-Jan-24
"$307,000","7/27-33 Eveleigh Court, 
SCONE NSW 2337",2,2,2,Apartment / Unit / Flat,16-Jan-24
"$940,000","406/5 Gurrier Avenue, 
MIRANDA NSW 2228",2,2,1,Apartment / Unit / Flat,15-Jan-24
"$880,000","250 Nuwarra Road, 
HAMMONDVILLE NSW 2170",3,1,2,House,12-Jan-24
"$1,040,000","15 Keato Avenue, 
HAMMONDVILLE NSW 2170",4,2,2,House,12-Jan-24
"$1,262,000","158 Cressfield Rd, 
SCONE NSW 2337",NA,NA,NA,Acreage / Semi-rural,11-Jan-24
"$750,000","50/8-12 Wandella Road, 
MIRANDA NSW 2228",2,2,1,Apartment / Unit / Flat,10-Jan-24
"$2,200,000","1B Partridge Avenue, 
MIRANDA NSW 2228",5,3,2,Semi-detached,9-Jan-24
"$705,000","14/28-30 Urunga Parade, 
MIRANDA NSW 2228",2,2,1,Apartment / Unit / Flat,9-Jan-24
"$1,650,000","4 Fletcher Avenue, 
MIRANDA NSW 2228",3,2,2,House,9-Jan-24
"$520,000","4 Main Street, 
SCONE NSW 2337",4,2,2,House,26-Dec-23
"$735,000","54/113-125 Karimbla Road, 
MIRANDA NSW 2228",3,1,1,Apartment / Unit / Flat,22-Dec-23
"$860,000","1 Tulloch Close, 
SCONE NSW 2337",4,2,4,House,21-Dec-23
"$990,000","15D/218 Box Road, 
MIRANDA NSW 2228",3,1,2,Villa,20-Dec-23
"$760,000","206/5-7 Higherdale Avenue, 
MIRANDA NSW 2228",2,2,1,Apartment / Unit / Flat,20-Dec-23
"$290,000","3/16 Mount Street, 
SCONE NSW 2337",2,1,1,Apartment / Unit / Flat,20-Dec-23
"$690,000","15A Cook Street, 
SCONE NSW 2337",4,3,3,House,20-Dec-23
"$1,355,000","199B Sylvania Road, 
MIRANDA NSW 2228",3,2,2,Semi-detached,19-Dec-23
"$1,320,000","457A Kingsway, 
MIRANDA NSW 2228",3,3,2,House,17-Dec-23
"$1,530,000","7 Goodacre Avenue, 
MIRANDA NSW 2228",4,2,2,House,15-Dec-23
"$740,000","34 Towarri Street, 
SCONE NSW 2337",4,2,2,House,15-Dec-23
"$840,000","209/1 Higherdale Avenue, 
MIRANDA NSW 2228",2,2,2,Apartment / Unit / Flat,14-Dec-23
"$920,000","17 Dodd Street, 
SCONE NSW 2337",4,2,4,House,14-Dec-23
"$1,070,000","18 Norman Avenue, 
HAMMONDVILLE NSW 2170",4,1,1,House,13-Dec-23
"$725,000","14/23-29 Willock Avenue, 
MIRANDA NSW 2228",2,1,1,Apartment / Unit / Flat,13-Dec-23
"$2,907,500","5 Macartney Street, 
MIRANDA NSW 2228",5,4,2,House,9-Dec-23
"$2,265,000","15 Milford Road, 
MIRANDA NSW 2228",5,2,2,House,8-Dec-23
"$889,000","1/261 President Avenue, 
MIRANDA NSW 2228",2,1,1,Villa,8-Dec-23
"$645,000","301/3 Penprase Lane, 
MIRANDA NSW 2228",1,1,1,Apartment / Unit / Flat,7-Dec-23
"$724,000","17/13-15 Urunga Parade, 
MIRANDA NSW 2228",2,1,1,Apartment / Unit / Flat,7-Dec-23
"$1,600,000","11 Kirkby Place, 
MIRANDA NSW 2228",3,1,2,House,7-Dec-23
"$1,500,000","19 View Street, 
MIRANDA NSW 2228",4,2,3,House,6-Dec-23
"$705,000","8/2-6 Gurrier Avenue, 
MIRANDA NSW 2228",2,1,1,Apartment / Unit / Flat,6-Dec-23
"$875,000","1/474 Kingsway, 
MIRANDA NSW 2228",3,1,2,Apartment / Unit / Flat,6-Dec-23
"$1,925,000","22B Frederick Street, 
MIRANDA NSW 2228",4,2,1,Duplex,6-Dec-23
"$1,575,000","640 Rossgole Road, 
SCONE NSW 2337",NA,NA,NA,Rural,6-Dec-23
"$900,000","7/16-22 Willock Avenue, 
MIRANDA NSW 2228",3,2,1,Apartment / Unit / Flat,5-Dec-23
"$5,500,000","38 Matson Crescent, 
MIRANDA NSW 2228",5,3,4,House,5-Dec-23
"$1,700,000","30 Violet Street, 
MIRANDA NSW 2228",6,2,3,House,4-Dec-23
"$1,550,000","2 Manor Hill Road, 
MIRANDA NSW 2228",3,1,2,House,2-Dec-23
"$1,800,000","83B Wyralla Road, 
MIRANDA NSW 2228",4,3,2,Semi-detached,2-Dec-23
"$1,143,000","1/29 Frederick Street, 
MIRANDA NSW 2228",3,1,1,Villa,1-Dec-23
"$1,090,000","12/4-10 Kumbardang Avenue, 
MIRANDA NSW 2228",3,2,2,Townhouse,1-Dec-23
"$1,880,000","9 Frederick Street, 
MIRANDA NSW 2228",3,1,1,House,1-Dec-23
"$1,630,000","1 Taylor Close, 
MIRANDA NSW 2228",3,1,2,House,1-Dec-23
"$1,100,000","55 Allan Cunningham Road, 
SCONE NSW 2337",NA,NA,NA,Rural,1-Dec-23
"$1,570,000","228 President Avenue, 
MIRANDA NSW 2228",4,3,2,House,30-Nov-23
"$2,015,000","37 View Street, 
MIRANDA NSW 2228",4,2,2,House,30-Nov-23
"$701,000","71A St Aubins Street, 
SCONE NSW 2337",4,2,2,House,30-Nov-23
"$1,300,000","16 Bakewell Circuit, 
SCONE NSW 2337",NA,NA,NA,Rural,30-Nov-23
"$720,000","5A Park Street, 
SCONE NSW 2337",4,2,2,House,28-Nov-23
"$490,000","6 Smith Street, 
SCONE NSW 2337",4,1,1,House,28-Nov-23
"$1,650,000","155b Karimbla Road, 
MIRANDA NSW 2228",5,3,2,House,27-Nov-23
"$860,000","7 Sledmere Close, 
SCONE NSW 2337",5,2,2,House,24-Nov-23
"$1,190,000","1/73 Wyralla Road, 
MIRANDA NSW 2228",2,1,1,House,23-Nov-23
"$720,000","8/87 Walder Road, 
HAMMONDVILLE NSW 2170",2,1,1,Townhouse,22-Nov-23
"$1,450,000","42 Woorak Crescent, 
MIRANDA NSW 2228",3,1,NA,House,22-Nov-23
"$412,500","1 Cook Street, 
SCONE NSW 2337",3,1,3,House,21-Nov-23
"$1,210,000","22/276 Port Hacking Road, 
MIRANDA NSW 2228",3,2,1,Villa,20-Nov-23
"$1,442,000","203/5 Gurrier Avenue, 
MIRANDA NSW 2228",3,2,2,Apartment / Unit / Flat,17-Nov-23
"$830,000","605/581-587 Kingsway, 
MIRANDA NSW 2228",2,2,1,Apartment / Unit / Flat,17-Nov-23
"$1,640,000","34 Crookwell Avenue, 
MIRANDA NSW 2228",3,1,1,House,17-Nov-23
"$830,000","605/581-587 Kingsway, 
MIRANDA NSW 2228",2,2,1,Apartment / Unit / Flat,17-Nov-23
"$1,400,000","37/25 Kiora Road, 
MIRANDA NSW 2228",4,2,2,Apartment / Unit / Flat,17-Nov-23
"$1,907,000","319 Port Hacking Road, 
MIRANDA NSW 2228",4,2,5,House,16-Nov-23
"$750,000","76/118-128 Karimbla Road, 
MIRANDA NSW 2228",2,1,1,Apartment / Unit / Flat,16-Nov-23
"$175,000","4 Widden Close, 
SCONE NSW 2337",NA,NA,NA,Vacant land,16-Nov-23
"$810,000",SCONE NSW 2337,4,2,2,House,16-Nov-23
"$1,030,000","14 Bareena Place, 
HAMMONDVILLE NSW 2170",3,2,2,House,15-Nov-23
"$1,700,000","8 Ingara Avenue, 
MIRANDA NSW 2228",4,2,2,House,15-Nov-23
"$858,000","304/21-25 Urunga Parade, 
MIRANDA NSW 2228",2,2,2,Apartment / Unit / Flat,15-Nov-23
"$380,000","48 Barton Street, 
SCONE NSW 2337",3,1,2,House,13-Nov-23
"$1,750,000","51a Raglan Road, 
MIRANDA NSW 2228",4,3,2,Semi-detached,10-Nov-23
"$1,450,000","254b The Boulevarde, 
MIRANDA NSW 2228",4,3,2,Semi-detached,10-Nov-23
"$675,000","14 Alabama Street, 
SCONE NSW 2337",4,2,2,House,10-Nov-23
"$1,160,000","5/321 Port Hacking Road, 
MIRANDA NSW 2228",3,2,2,Townhouse,9-Nov-23
"$840,000","309/1 Higherdale Avenue, 
MIRANDA NSW 2228",2,2,2,Apartment / Unit / Flat,9-Nov-23
"$403,000","13 Eveleigh Court, 
SCONE NSW 2337",3,1,1,House,9-Nov-23
"$357,000","126 Tullong Road, 
SCONE NSW 2337",NA,NA,NA,Vacant land,9-Nov-23
"$210,000","39 Bhima Drive, 
SCONE NSW 2337",NA,NA,NA,Vacant land,9-Nov-23
"$1,550,000","25 Queanbeyan Avenue, 
MIRANDA NSW 2228",3,2,1,House,7-Nov-23
"$620,000","401/510 Kingsway, 
MIRANDA NSW 2228",1,1,1,Apartment / Unit / Flat,7-Nov-23
"$1,200,000","235 Port Hacking Road, 
MIRANDA NSW 2228",3,1,1,House,4-Nov-23
"$620,000","51/99-111 Karimbla Road, 
MIRANDA NSW 2228",3,1,1,Apartment / Unit / Flat,3-Nov-23
"$1,865,000","3 Matson Crescent, 
MIRANDA NSW 2228",5,2,2,House,3-Nov-23
"$960,000","31 Allan Cunningham Road, 
SCONE NSW 2337",4,2,3,House,3-Nov-23
"$380,000","20 Bingle Street, 
SCONE NSW 2337",3,1,2,House,3-Nov-23
"$335,000","18 Philip St, 
SCONE NSW 2337",3,1,NA,House,3-Nov-23
"$1,650,000","5A Partridge Avenue, 
MIRANDA NSW 2228",4,2,1,Semi-detached,2-Nov-23
"$715,000","10/27 Miranda Road, 
MIRANDA NSW 2228",1,1,1,Townhouse,1-Nov-23
"$820,000","G01/1 Pinnacle Street, 
MIRANDA NSW 2228",2,2,1,Apartment / Unit / Flat,30-Oct-23
"$700,000","12/16-20 Urunga Parade, 
MIRANDA NSW 2228",2,1,1,Apartment / Unit / Flat,30-Oct-23
"$1,905,000","9 Shirley Road, 
MIRANDA NSW 2228",4,2,2,House,30-Oct-23
"$482,000","1 Towarri Street, 
SCONE NSW 2337",3,1,1,House,30-Oct-23
"$1,050,000","1/1 Clubb Crescent, 
MIRANDA NSW 2228",3,2,2,Townhouse,28-Oct-23
"$1,707,500","1 Aster Avenue, 
MIRANDA NSW 2228",4,2,4,House,28-Oct-23
"$1,167,000","40 Norman Avenue, 
HAMMONDVILLE NSW 2170",4,2,3,House,27-Oct-23
"$1,150,000","3/23-25 Wingello Road, 
MIRANDA NSW 2228",3,2,2,Townhouse,27-Oct-23
"$1,570,000","267 President Avenue, 
MIRANDA NSW 2228",3,2,1,House,27-Oct-23
"$2,355,000","10 Animbo Street, 
MIRANDA NSW 2228",5,3,5,House,27-Oct-23
"$2,000,000","58 Garnet Road, 
MIRANDA NSW 2228",5,2,3,House,26-Oct-23
"$795,000","7/474-482 Kingsway, 
MIRANDA NSW 2228",3,1,2,Apartment / Unit / Flat,24-Oct-23
"$647,500","111/6 Urunga Parade, 
MIRANDA NSW 2228",1,1,1,Apartment / Unit / Flat,23-Oct-23
"$835,000","3E/216 Box Road, 
MIRANDA NSW 2228",2,1,1,Villa,20-Oct-23
"$755,000","18/7-15 Jackson Avenue, 
MIRANDA NSW 2228",2,2,2,Apartment / Unit / Flat,20-Oct-23
"$620,000","302/510 Kingsway, 
MIRANDA NSW 2228",1,1,1,Apartment / Unit / Flat,20-Oct-23
"$660,000","1 & 2/61 Satur Road, 
SCONE NSW 2337",6,2,2,Townhouse,20-Oct-23
"$450,000","32 Hill Street, 
SCONE NSW 2337",2,2,1,Townhouse,20-Oct-23
"$240,000","104 St Aubins St, 
SCONE NSW 2337",3,2,1,House,20-Oct-23
"$645,000","98 Barton St, 
SCONE NSW 2337",4,2,2,House,19-Oct-23
"$1,310,000","15 Goodacre Avenue, 
MIRANDA NSW 2228",4,1,2,House,18-Oct-23
"$775,000","27 Gray Street, 
SCONE NSW 2337",4,2,2,House,18-Oct-23
"$565,000","13 Cook Street, 
SCONE NSW 2337",4,2,1,House,16-Oct-23
"$1,980,000","22A Frederick Street, 
MIRANDA NSW 2228",4,3,1,Semi-detached,13-Oct-23
"$2,250,000","60 Gwawley Parade, 
MIRANDA NSW 2228",4,2,2,House,13-Oct-23
"$1,130,000","16 Meehan Avenue, 
HAMMONDVILLE NSW 2170",5,3,4,House,12-Oct-23
"$2,833,000","15 Parkview Street, 
MIRANDA NSW 2228",4,3,2,House,12-Oct-23
"$1,485,000","62 Garnet Road, 
MIRANDA NSW 2228",3,2,2,House,12-Oct-23
"$1,200,000","2/289 The Boulevarde, 
MIRANDA NSW 2228",3,2,2,Townhouse,11-Oct-23
"$1,115,000","12/276 Port Hacking Road, 
MIRANDA NSW 2228",3,2,1,Townhouse,11-Oct-23
"$1,570,000","279 President Avenue, 
MIRANDA NSW 2228",4,2,4,House,11-Oct-23
"$965,000","17/265-269 Port Hacking Road, 
MIRANDA NSW 2228",2,2,1,Townhouse,11-Oct-23
"$760,000","40 Park Street, 
SCONE NSW 2337",4,2,2,House,11-Oct-23
"$736,590","4/25-27 Kiora Road, 
MIRANDA NSW 2228",2,2,1,Apartment / Unit / Flat,10-Oct-23
"$802,500","BA101/18 University Road, 
MIRANDA NSW 2228",2,2,1,Apartment / Unit / Flat,10-Oct-23
"$1,548,000","5 Fletcher Avenue, 
MIRANDA NSW 2228",2,1,1,House,7-Oct-23
"$460,000","2/46B Hill Street, 
SCONE NSW 2337",3,2,1,Duplex,6-Oct-23
"$1,040,000","13 Redbank Drive, 
SCONE NSW 2337",4,2,4,House,6-Oct-23
"$1,100,000","9/12-18 Kumbardang Avenue, 
MIRANDA NSW 2228",3,2,1,Townhouse,5-Oct-23
"$930,000","550 Middlebrook Road, 
SCONE NSW 2337",NA,NA,NA,Rural,30-Sep-23
"$1,400,000","801/581-587 Kingsway, 
MIRANDA NSW 2228",3,2,3,Apartment / Unit / Flat,29-Sep-23
"$2,250,000","17 Queanbeyan Avenue, 
MIRANDA NSW 2228",5,3,2,House,29-Sep-23
"$1,750,000","25 Gwawley Parade, 
MIRANDA NSW 2228",4,2,2,House,29-Sep-23
"$651,000","5D/5-29 Wandella Road, 
MIRANDA NSW 2228",2,1,1,Apartment / Unit / Flat,29-Sep-23
"$2,615,000","92 Matson Crescent, 
MIRANDA NSW 2228",5,4,1,House,28-Sep-23
"$1,791,000","105 Forest Road, 
MIRANDA NSW 2228",3,2,2,House,27-Sep-23
"$480,000","53 Guernsey Street, 
SCONE NSW 2337",4,2,2,House,27-Sep-23
"$630,000","G01/510 Kingsway, 
MIRANDA NSW 2228",1,1,1,Apartment / Unit / Flat,26-Sep-23
"$810,000","B201/16 Pinnacle Street, 
MIRANDA NSW 2228",2,2,1,Apartment / Unit / Flat,25-Sep-23
"$1,308,500","32 Keato Avenue, 
HAMMONDVILLE NSW 2170",4,2,2,House,23-Sep-23
"$1,689,000","15 Doris Avenue, 
MIRANDA NSW 2228",3,2,1,House,23-Sep-23
"$630,000","50 Guernsey Street, 
SCONE NSW 2337",3,1,1,House,22-Sep-23
"$688,000","7/7-15 Jackson Avenue, 
MIRANDA NSW 2228",2,2,1,Apartment / Unit / Flat,21-Sep-23
"$295,000","9/33 Eveleigh Court, 
SCONE NSW 2337",2,2,2,Block of units,21-Sep-23
"$470,000","43 Barton Street, 
SCONE NSW 2337",4,1,4,House,18-Sep-23
"$400,000","30 Hill Street, 
SCONE NSW 2337",4,1,1,House,18-Sep-23
"$625,000","75 Kingdon Street, 
SCONE NSW 2337",3,1,NA,House,16-Sep-23
"$1,780,000","21 Karimbla Road, 
MIRANDA NSW 2228",4,1,4,House,13-Sep-23
"$205,000","14 Widden Close, 
SCONE NSW 2337",NA,NA,NA,Vacant land,13-Sep-23
"$2,200,000","7 Meadow Place, 
MIRANDA NSW 2228",4,3,4,House,12-Sep-23
"$410,000","34 Scott Street, 
SCONE NSW 2337",2,1,1,House,12-Sep-23
"$655,000","25 Alabama Street, 
SCONE NSW 2337",4,2,2,House,12-Sep-23
"$1,600,000","4 Bakewell Circuit, 
SCONE NSW 2337",NA,NA,NA,Rural,11-Sep-23
"$1,900,000","83 Forest Road, 
MIRANDA NSW 2228",3,2,2,House,9-Sep-23
"$1,350,000","266 President Avenue, 
MIRANDA NSW 2228",3,2,2,House,9-Sep-23
"$760,000","24/507-511 Kingsway, 
MIRANDA NSW 2228",2,1,1,Apartment / Unit / Flat,8-Sep-23
"$600,000","23 Davies Street, 
SCONE NSW 2337",3,1,2,House,8-Sep-23
"$648,000","4/11-15 Kiora Road, 
MIRANDA NSW 2228",2,1,1,Apartment / Unit / Flat,5-Sep-23
"$735,000","21/23-29 Willock Avenue, 
MIRANDA NSW 2228",2,1,1,Apartment / Unit / Flat,1-Sep-23
"$830,000","BB 107/18 University Road, 
MIRANDA NSW 2228",2,2,2,Apartment / Unit / Flat,1-Sep-23
"$1,640,000","40a View Street, 
MIRANDA NSW 2228",4,2,2,Semi-detached,31-Aug-23
"$1,460,000","45 Goodacre Avenue, 
MIRANDA NSW 2228",3,1,1,House,31-Aug-23
"$466,000","32 Parker Street, 
SCONE NSW 2337",2,2,NA,House,31-Aug-23
"$1,525,000","256 President Avenue, 
MIRANDA NSW 2228",3,1,3,House,29-Aug-23
"$970,000","58 Gray Street, 
SCONE NSW 2337",4,2,7,House,28-Aug-23
"$240,000","506 Cockatoo Close, 
SCONE NSW 2337",NA,NA,NA,Vacant land,28-Aug-23
"$770,000","75/8-12 Wandella Road, 
MIRANDA NSW 2228",2,2,1,Apartment / Unit / Flat,25-Aug-23
"$1,950,000","37a Kareena Road, 
MIRANDA NSW 2228",4,3,1,Semi-detached,25-Aug-23
"$687,000","5/99-111 Karimbla Road, 
MIRANDA NSW 2228",3,1,2,Apartment / Unit / Flat,25-Aug-23
"$1,535,000","6 Barkduk Avenue, 
MIRANDA NSW 2228",4,2,2,House,25-Aug-23
"$1,800,000","9 Woonah Street, 
MIRANDA NSW 2228",3,1,1,House,25-Aug-23
"$490,000","51 Kingdon Street, 
SCONE NSW 2337",3,2,1,House,24-Aug-23
"$1,235,000","12/12-18 Kumbardang Avenue, 
MIRANDA NSW 2228",3,2,2,Townhouse,23-Aug-23
"$1,860,000","292 The Boulevarde, 
MIRANDA NSW 2228",5,3,2,Semi-detached,23-Aug-23
"$1,600,000","4 Bakewell Circuit, 
SCONE NSW 2337",4,2,7,House,22-Aug-23
"$1,210,000","182B The Boulevarde, 
MIRANDA NSW 2228",3,2,2,Semi-detached,21-Aug-23
"$410,000","10 Belmore St, 
SCONE NSW 2337",3,1,2,House,21-Aug-23
"$412,000","129 Susan Street, 
SCONE NSW 2337",3,2,1,House,21-Aug-23
"$870,500","204/21 Urunga Parade, 
MIRANDA NSW 2228",2,2,2,Apartment / Unit / Flat,19-Aug-23
"$975,000","53 Meehan Avenue, 
HAMMONDVILLE NSW 2170",3,1,2,House,18-Aug-23
"$1,545,000","31B Gwawley Parade, 
MIRANDA NSW 2228",4,3,2,Semi-detached,18-Aug-23
"$920,000","3 Sledmere Close, 
SCONE NSW 2337",6,3,4,House,18-Aug-23
"$830,000","13/118-128 Karimbla Road, 
MIRANDA NSW 2228",2,1,2,Apartment / Unit / Flat,17-Aug-23
"$795,000","10/25-27 Kiora Road, 
MIRANDA NSW 2228",2,2,1,Apartment / Unit / Flat,15-Aug-23
"$250,000","150 Moobi Rd, 
SCONE NSW 2337",NA,NA,NA,Vacant land,15-Aug-23
"$600,000","77 Kingdon Street, 
SCONE NSW 2337",3,1,NA,House,14-Aug-23
"$1,620,000","2 Jonathan Place, 
MIRANDA NSW 2228",4,3,3,House,11-Aug-23
"$700,000","3/11 Kiora Road, 
MIRANDA NSW 2228",2,1,1,Apartment / Unit / Flat,10-Aug-23
"$1,700,000","16B Gwawley Parade, 
MIRANDA NSW 2228",4,3,2,House,10-Aug-23
"$1,550,000","1b Stevens Avenue, 
MIRANDA NSW 2228",5,2,1,House,8-Aug-23
"$1,700,000","1 Huntingdale Avenue, 
MIRANDA NSW 2228",3,2,1,House,8-Aug-23
"$2,150,000","28 Animbo Street, 
MIRANDA NSW 2228",5,3,1,House,8-Aug-23
"$1,158,000","15 Morley Avenue, 
HAMMONDVILLE NSW 2170",4,2,2,House,7-Aug-23
"$460,000","1/46B Hill Street, 
SCONE NSW 2337",3,2,1,Apartment / Unit / Flat,7-Aug-23
"$665,000","29D/5-29 Wandella Road, 
MIRANDA NSW 2228",2,1,1,Apartment / Unit / Flat,4-Aug-23
"$1,200,000","75 Allan Cunningham Road, 
SCONE NSW 2337",NA,NA,NA,Rural,4-Aug-23
"$840,000","3 REDBANK DRIVE, 
SCONE NSW 2337",4,2,8,House,3-Aug-23
"$236,000","502 Cockatoo Close, 
SCONE NSW 2337",NA,NA,NA,Vacant land,3-Aug-23
"$1,835,000","5 Cross Street, 
MIRANDA NSW 2228",4,3,3,House,2-Aug-23
"$962,000","4/313 Port Hacking Road, 
MIRANDA NSW 2228",2,1,1,Villa,1-Aug-23
"$865,000","501/6 Urunga Parade, 
MIRANDA NSW 2228",2,2,2,Apartment / Unit / Flat,29-Jul-23
"$935,000","1/13 Urunga Parade, 
MIRANDA NSW 2228",3,2,1,Apartment / Unit / Flat,29-Jul-23
"$415,000","58 Hill Street, 
SCONE NSW 2337",2,2,1,House,29-Jul-23
"$270,000","Unit 2/34 Eveleigh Ct, 
SCONE NSW 2337",2,1,1,Apartment / Unit / Flat,27-Jul-23
"$570,000","6A/5 - 29 Wandella Road, 
MIRANDA NSW 2228",2,1,1,Apartment / Unit / Flat,25-Jul-23
"$682,000","G06/6 Urunga Parade, 
MIRANDA NSW 2228",1,1,1,Apartment / Unit / Flat,25-Jul-23
"$930,000","242 Nuwarra Road, 
HAMMONDVILLE NSW 2170",3,1,2,House,21-Jul-23
"$885,000","12/118 Karimbla Road, 
MIRANDA NSW 2228",2,1,2,Apartment / Unit / Flat,21-Jul-23
"$960,000","402/5 Gurrier Avenue, 
MIRANDA NSW 2228",2,2,1,Apartment / Unit / Flat,21-Jul-23
"$840,000","G05/2 Higherdale Avenue, 
MIRANDA NSW 2228",2,2,1,Apartment / Unit / Flat,20-Jul-23
"$645,000","23 Widden Close, 
SCONE NSW 2337",3,2,2,House,20-Jul-23
"$802,000","10/12-14 Clubb Crescent, 
MIRANDA NSW 2228",2,2,1,Apartment / Unit / Flat,19-Jul-23
"$995,000","8 Tarplee Avenue, 
HAMMONDVILLE NSW 2170",4,2,2,House,18-Jul-23
"$1,026,000","6 Pritchard Avenue, 
HAMMONDVILLE NSW 2170",3,1,5,House,17-Jul-23
"$734,000","24/6 Central Road, 
MIRANDA NSW 2228",2,2,1,Apartment / Unit / Flat,17-Jul-23
"$825,000","1 Stanstead Close, 
SCONE NSW 2337",4,2,5,House,13-Jul-23
"$306,000","28 Guernsey Street, 
SCONE NSW 2337",3,1,1,House,12-Jul-23
"$415,000","15 Mulga Street, 
SCONE NSW 2337",3,1,2,House,11-Jul-23
"$645,000","74 Barton Street, 
SCONE NSW 2337",4,2,2,House,11-Jul-23
"$411,000","23 Scott Street, 
SCONE NSW 2337",3,1,1,House,11-Jul-23
"$551,000","43A Meehan Avenue, 
HAMMONDVILLE NSW 2170",NA,NA,NA,Vacant land,7-Jul-23
"$337,000","30 Sydney Street, 
SCONE NSW 2337",2,1,2,Apartment / Unit / Flat,7-Jul-23
"$910,000","1173 Glenbawn Road, 
SCONE NSW 2337",5,3,8,House,7-Jul-23
"$1,605,000","221 President Avenue, 
MIRANDA NSW 2228",4,3,2,House,6-Jul-23
"$765,000","UNIT 7/113-125 KARIMBLA ROAD, 
MIRANDA NSW 2228",3,1,2,Apartment / Unit / Flat,3-Jul-23
"$1,913,000","30B Goodacre Avenue, 
MIRANDA NSW 2228",4,3,NA,House,3-Jul-23
"$600,000","95 Kingdon Street, 
SCONE NSW 2337",4,1,5,House,1-Jul-23
"$655,000","150 Liverpool Street, 
SCONE NSW 2337",3,1,1,House,1-Jul-23
"$1,340,000","7 Jewell Close, 
HAMMONDVILLE NSW 2170",4,3,2,House,30-Jun-23
"$730,000","A702/1 Urunga Parade, 
MIRANDA NSW 2228",1,1,1,Apartment / Unit / Flat,30-Jun-23
"$315,000","21 Coolibah Street, 
SCONE NSW 2337",2,1,2,House,30-Jun-23
"$360,000","3 Renshaw Close, 
SCONE NSW 2337",3,1,2,House,28-Jun-23
"$1,490,000","273 PORT HACKING ROAD, 
MIRANDA NSW 2228",3,1,2,House,27-Jun-23
"$740,000","44 Towarri Street, 
SCONE NSW 2337",5,2,2,House,23-Jun-23
"$260,000","2A Somerset Place, 
SCONE NSW 2337",NA,NA,NA,Vacant land,22-Jun-23
"$1,670,000","14 Cartledge Avenue, 
MIRANDA NSW 2228",3,1,2,House,16-Jun-23
"$670,000","19/507-511 Kingsway, 
MIRANDA NSW 2228",2,1,1,Apartment / Unit / Flat,16-Jun-23
"$2,250,000","3 Montgomery Street, 
MIRANDA NSW 2228",4,4,5,House,15-Jun-23
"$325,000","76 Guernsey Street, 
SCONE NSW 2337",3,1,1,House,9-Jun-23
"$1,750,000","17A Ventura Avenue, 
MIRANDA NSW 2228",5,3,2,Semi-detached,6-Jun-23
"$750,000","33/7-15 Jackson Avenue, 
MIRANDA NSW 2228",2,2,1,Apartment / Unit / Flat,6-Jun-23
"$220,000","56 Bhima Drive, 
SCONE NSW 2337",NA,NA,NA,Vacant land,6-Jun-23
"$880,000","405/510 Kingsway, 
MIRANDA NSW 2228",2,2,2,Apartment / Unit / Flat,2-Jun-23
"$1,800,000","52B View Street, 
MIRANDA NSW 2228",4,3,2,Semi-detached,31-May-23
"$640,000","10 Nyarra Street, 
SCONE NSW 2337",3,2,2,House,31-May-23
"$470,000","60 Liverpool Street, 
SCONE NSW 2337",4,1,2,House,25-May-23
"$1,568,000","194 Parraweena Road, 
MIRANDA NSW 2228",4,2,2,House,24-May-23
"$175,000","5 Widden Close, 
SCONE NSW 2337",NA,NA,NA,Vacant land,24-May-23
"$650,000","125 Waverley Street, 
SCONE NSW 2337",3,2,2,House,23-May-23
"$605,000","60 Satur Road, 
SCONE NSW 2337",4,1,1,House,19-May-23
"$930,000","18/265-269 Port Hacking Road, 
MIRANDA NSW 2228",2,1,1,Villa,17-May-23
"$860,000","39 Redbank Drive, 
SCONE NSW 2337",5,3,6,House,17-May-23
"$780,000","1 Shaw Street, 
SCONE NSW 2337",3,2,2,House,16-May-23
"$880,000","1-7 St. Aubins Street, 
SCONE NSW 2337",NA,NA,NA,Rural,15-May-23
"$675,000","9 Gould Street, 
SCONE NSW 2337",4,2,1,House,12-May-23
"$710,000","60 Bhima Dr, 
SCONE NSW 2337",4,2,2,House,12-May-23
"$460,000","15 Parker Street, 
SCONE NSW 2337",3,1,3,House,9-May-23
"$460,000","1a Honeysuckle Crest, 
SCONE NSW 2337",4,1,1,House,9-May-23
"$600,000","""Orange Grove"" 2236 Upper Dartbrook Road Kars Springs (via), 
SCONE NSW 2337",NA,NA,NA,Acreage / Semi-rural,9-May-23
"$359,000","126 Tullong Road, 
SCONE NSW 2337",NA,NA,NA,Vacant land,8-May-23
"$649,999","36/99-111 Karimbla Road, 
MIRANDA NSW 2228",3,1,1,Apartment / Unit / Flat,5-May-23
"$540,000","7F/5-29 Wandella Road, 
MIRANDA NSW 2228",1,1,1,Apartment / Unit / Flat,5-May-23
"$900,000","20E/216 Box Road, 
MIRANDA NSW 2228",2,1,1,Villa,5-May-23
"$1,350,000","2/54 Forest Road, 
MIRANDA NSW 2228",3,2,1,Villa,5-May-23
"$660,000","35 Bhima Drive, 
SCONE NSW 2337",4,2,2,House,3-May-23
"$830,000","5 Dodd Street, 
SCONE NSW 2337",5,2,2,House,2-May-23
"$560,000","4 Joan Street, 
SCONE NSW 2337",3,2,2,Apartment / Unit / Flat,1-May-23
"$900,000","401/22 Pinnacle Street, 
MIRANDA NSW 2228",2,2,1,Apartment / Unit / Flat,28-Apr-23
"$1,750,000","15B Ventura Place, 
MIRANDA NSW 2228",5,3,1,House,28-Apr-23
"$600,000","7 Honeysuckle Crescent, 
SCONE NSW 2337",4,3,2,House,28-Apr-23
"$350,000","14A Askin Place, 
SCONE NSW 2337",2,1,1,Apartment / Unit / Flat,26-Apr-23
"$687,500","6 Macartney Place, 
SCONE NSW 2337",4,2,6,House,24-Apr-23
"$605,000","40 Scott Street, 
SCONE NSW 2337",4,1,5,House,21-Apr-23
"$730,000","40/99-111 Karimbla Road, 
MIRANDA NSW 2228",3,1,1,Apartment / Unit / Flat,20-Apr-23
"$670,000","31 Towarri Street, 
SCONE NSW 2337",4,2,2,House,20-Apr-23
"$600,000","16 Nyarra Street, 
SCONE NSW 2337",4,2,2,House,19-Apr-23
"$232,000","503 Cockatoo Close, 
SCONE NSW 2337",NA,NA,NA,Vacant land,19-Apr-23
"$780,000","2/17 Kiora Road, 
MIRANDA NSW 2228",2,1,1,Apartment / Unit / Flat,17-Apr-23
"$290,000","20/27-33 Eveleigh Court, 
SCONE NSW 2337",2,2,1,Apartment / Unit / Flat,17-Apr-23
"$370,000","45 Barton St, 
SCONE NSW 2337",6,2,2,House,14-Apr-23
"$820,000","1 Whitfield Parade, 
HAMMONDVILLE NSW 2170",3,2,1,Semi-detached,11-Apr-23
"$440,000","71B Satur Road, 
SCONE NSW 2337",3,1,4,House,11-Apr-23
"$570,000","16 Eveleigh Court, 
SCONE NSW 2337",4,1,4,House,6-Apr-23
"$1,150,000","14 Kookaburra Avenue, 
SCONE NSW 2337",5,3,8,House,6-Apr-23
"$1,620,000","150B Kiora Road, 
MIRANDA NSW 2228",4,3,2,House,5-Apr-23
"$604,200","204/1 Pinnacle Street, 
MIRANDA NSW 2228",1,1,1,Apartment / Unit / Flat,5-Apr-23
"$800,000","15 Kookaburra Avenue, 
SCONE NSW 2337",3,2,1,House,4-Apr-23
"$1,550,000","16 Karimbla Road, 
MIRANDA NSW 2228",3,2,1,House,31-Mar-23
"$680,000","11 Kookaburra Avenue, 
SCONE NSW 2337",4,2,4,House,30-Mar-23
"$705,000","15/22-26 Urunga Parade, 
MIRANDA NSW 2228",2,2,1,Apartment / Unit / Flat,29-Mar-23
"$825,000","409/1 Higherdale Avenue, 
MIRANDA NSW 2228",2,2,2,Apartment / Unit / Flat,24-Mar-23
"$1,675,000","17B Ventura Avenue, 
MIRANDA NSW 2228",5,3,1,Semi-detached,24-Mar-23
"$630,000","29-35 Aberdeen Street, 
SCONE NSW 2337",NA,NA,NA,Rural,24-Mar-23
"$700,000","2 Kareen Place, 
SCONE NSW 2337",5,2,2,House,23-Mar-23
"$350,000","108 Allan Cunningham Road, 
SCONE NSW 2337",NA,NA,NA,Vacant land,23-Mar-23
"$840,000","11 Somerset Place, 
SCONE NSW 2337",4,2,2,House,22-Mar-23
"$640,000","401/59 Miranda Road, 
MIRANDA NSW 2228",1,1,1,Apartment / Unit / Flat,21-Mar-23
"$900,000","49 Stewart Avenue, 
HAMMONDVILLE NSW 2170",3,1,1,House,18-Mar-23
"$250,000","3 Kelly Street, 
SCONE NSW 2337",3,1,1,House,18-Mar-23
"$1,160,000","2/54 Karimbla Road, 
MIRANDA NSW 2228",3,2,1,Villa,15-Mar-23
"$1,850,000","1/20 Edward Avenue, 
MIRANDA NSW 2228",5,3,1,Semi-detached,13-Mar-23
"$1,408,500","7 Graham Avenue, 
MIRANDA NSW 2228",3,1,2,House,11-Mar-23
"$670,000","28/108 Kiora Road, 
MIRANDA NSW 2228",2,1,1,Apartment / Unit / Flat,10-Mar-23
"$670,000",MIRANDA NSW 2228,1,1,1,Apartment / Unit / Flat,10-Mar-23
"$760,000","7/2-4 Central Road, 
MIRANDA NSW 2228",2,2,2,Apartment / Unit / Flat,9-Mar-23
"$900,000","20 Sydney Street, 
SCONE NSW 2337",4,2,2,House,9-Mar-23
"$905,000","13 Fitzgerald Avenue, 
HAMMONDVILLE NSW 2170",3,1,3,House,8-Mar-23
"$500,000","19 Oxford Road, 
SCONE NSW 2337",4,2,2,House,8-Mar-23
"$625,000","G03/510 Kingsway, 
MIRANDA NSW 2228",1,1,1,Apartment / Unit / Flat,7-Mar-23
"$835,000","7 Whitfield Parade, 
HAMMONDVILLE NSW 2170",3,2,1,Semi-detached,3-Mar-23
"$80,000","100 New England Highway, 
SCONE NSW 2337",NA,NA,NA,Vacant land,3-Mar-23
"$970,000","1/258-262 Port Hacking Road, 
MIRANDA NSW 2228",3,2,1,Townhouse,2-Mar-23
"$520,000","19/8-12 Wandella Road, 
MIRANDA NSW 2228",1,1,1,Apartment / Unit / Flat,28-Feb-23
"$545,000","70A Waverley Street, 
SCONE NSW 2337",4,2,3,House,28-Feb-23
"$740,000","13 Main Street, 
SCONE NSW 2337",4,2,4,House,28-Feb-23
"$1,485,000","5 Biargar Avenue, 
MIRANDA NSW 2228",4,2,2,House,27-Feb-23
"$160,000","17e Kelly Street, 
SCONE NSW 2337",NA,NA,NA,Vacant land,24-Feb-23
"$350,000","27 Stafford St, 
SCONE NSW 2337",3,1,1,House,23-Feb-23
"$185,000","3/200 Susan Street, 
SCONE NSW 2337",NA,NA,NA,Vacant land,21-Feb-23
"$700,000","1A/63 Bellingara Road, 
MIRANDA NSW 2228",2,1,1,Villa,17-Feb-23
"$495,000","31 Barton Street, 
SCONE NSW 2337",3,1,1,House,17-Feb-23
"$600,000","35 Davies Street, 
SCONE NSW 2337",3,1,2,House,15-Feb-23
"$550,000","44 Waverley St, 
SCONE NSW 2337",3,1,1,House,15-Feb-23
"$420,000","D202/42 Pinnacle Street, 
MIRANDA NSW 2228",NA,1,1,Apartment / Unit / Flat,14-Feb-23
"$661,000","69 Waverley Street, 
SCONE NSW 2337",3,1,2,House,10-Feb-23
"$1,160,000","2/74 Miranda Road, 
MIRANDA NSW 2228",3,2,2,Townhouse,8-Feb-23
"$671,000","37/99-111 Karimbla Road, 
MIRANDA NSW 2228",3,1,2,Apartment / Unit / Flat,8-Feb-23
"$695,000","30 Mount Street, 
SCONE NSW 2337",6,2,2,Semi-detached,8-Feb-23
"$1,000,000","100 Meehan Avenue, 
HAMMONDVILLE NSW 2170",3,1,4,House,6-Feb-23
"$425,000","21 Scott Street, 
SCONE NSW 2337",3,1,4,House,6-Feb-23
"$1,290,000","35 Edward Avenue, 
MIRANDA NSW 2228",3,1,1,House,4-Feb-23
"$393,000","85 St Aubins St, 
SCONE NSW 2337",3,1,1,House,2-Feb-23
"$1,950,000","17A Woonah Street, 
MIRANDA NSW 2228",5,3,1,Semi-detached,1-Feb-23
"$660,000","23 Alabama Street, 
SCONE NSW 2337",4,2,2,House,31-Jan-23
"$320,000","4/92 Park Street, 
SCONE NSW 2337",3,2,1,Apartment / Unit / Flat,30-Jan-23
"$850,000","312/1 Higherdale Avenue, 
MIRANDA NSW 2228",2,2,2,Apartment / Unit / Flat,20-Jan-23
"$530,000","19 Eveleigh Court, 
SCONE NSW 2337",3,2,4,House,20-Jan-23
"$240,000","38 Ibis Place, 
SCONE NSW 2337",NA,NA,NA,Vacant land,20-Jan-23
"$450,000","87 St Aubins Street, 
SCONE NSW 2337",3,2,2,House,19-Jan-23
"$367,000","73 St Aubins Street, 
SCONE NSW 2337",2,1,1,House,18-Jan-23
"$945,000","42 Moobi Road, 
SCONE NSW 2337",4,2,5,House,16-Jan-23
"$1,405,000","6 Cantello Avenue, 
HAMMONDVILLE NSW 2170",4,2,2,House,13-Jan-23
"$180,000","6/200 Susan Street, 
SCONE NSW 2337",NA,NA,NA,Vacant land,13-Jan-23
"$522,000","180 Liverpool Street, 
SCONE NSW 2337",3,1,2,House,13-Jan-23
"$480,000","12 Askin Close, 
SCONE NSW 2337",3,1,2,House,8-Jan-23
"$712,000","58/8-12 Wandella Road, 
MIRANDA NSW 2228",2,2,1,Apartment / Unit / Flat,23-Dec-22
"$1,375,000","2031 Middlebrook Road, 
SCONE NSW 2337",NA,NA,NA,Rural,23-Dec-22
"$375,000","95 Aberdeen Street, 
SCONE NSW 2337",4,2,1,House,22-Dec-22
"$1,250,000","92 Walder Road, 
HAMMONDVILLE NSW 2170",3,1,1,House,21-Dec-22
"$649,500","57/113 Karimbla Road, 
MIRANDA NSW 2228",2,1,1,Apartment / Unit / Flat,21-Dec-22
"$465,000","122 Susan Street, 
SCONE NSW 2337",3,2,1,House,21-Dec-22
